"1","1","1","1","ALTAGRACIA","-66.9152","10.5122"
"2","1","1","2","CANDELARIA","-66.9031","10.5035"
"3","1","1","3","CATEDRAL","-66.9194","10.5061"
"4","1","1","4","LA PASTORA","-66.9238","10.5182"
"5","1","1","5","SAN AGUSTIN","-66.9063","10.4962"
"6","1","1","6","SAN JOSE","-66.9081","10.5148"
"7","1","1","7","SAN JUAN","-66.93","10.4974"
"8","1","1","8","SANTA ROSALIA","-66.9123","10.4844"
"9","1","1","9","SANTA TERESA","-66.9171","10.4974"
"10","1","1","10","SUCRE","-66.9533","10.5132"
"11","1","1","11","23 DE ENERO","-66.9344","10.5075"
"12","1","1","12","ANTIMANO","-66.9815","10.4674"
"13","1","1","13","EL RECREO","-66.8818","10.5029"
"14","1","1","14","EL VALLE","-66.9113","10.4634"
"15","1","1","15","LA VEGA","-66.9484","10.468"
"16","1","1","16","MACARAO","-67.0204","10.4222"
"17","1","1","17","CARICUAO","-66.9827","10.4338"
"18","1","1","18","EL JUNQUITO","-67.0118","10.4794"
"19","1","1","19","COCHE","-66.9269","10.4447"
"20","1","1","20","SAN PEDRO","-66.8941","10.4821"
"21","1","1","21","SAN BERNARDINO","-66.8999","10.5138"
"22","1","1","22","EL PARAISO","-66.9367","10.4885"
"23","2","2","1","ANACO","-64.4738","9.42721"
"24","2","2","2","SAN JOAQUIN","-64.4947","9.34329"
"25","2","3","1","ARAGUA DE BARCELONA","-64.8364","9.45754"
"26","2","3","2","CACHIPO","-64.6355","8.96848"
"27","2","4","1","EL CARMEN","-64.6671","10.1496"
"28","2","4","2","SAN CRISTOBAL","-64.6879","10.1271"
"29","2","4","3","BERGANTIN","-64.3632","10.0146"
"30","2","4","4","CAIGUA","-64.8649","9.93819"
"31","2","4","5","EL PILAR","-64.7658","9.92488"
"32","2","4","6","NARICUAL","-64.5834","10.0437"
"33","2","5","1","CLARINES","-65.1696","9.9291"
"34","2","5","2","GUANAPE","-65.471","9.91172"
"35","2","5","3","SABANA DE UCHIRE","-65.5148","10.0199"
"36","2","6","1","ONOTO","-65.2688","9.62451"
"37","2","6","2","SAN PABLO","-65.0496","9.77299"
"38","2","7","1","CANTAURA","-64.2933","9.24308"
"39","2","7","2","LIBERTADOR","-64.0699","9.96094"
"40","2","7","3","SANTA ROSA","-64.1805","9.5931"
"41","2","7","4","URICA","-64.038","9.72876"
"42","2","8","1","SOLEDAD","-63.5715","8.21984"
"43","2","8","2","MAMO","-63.3606","8.5129"
"44","2","9","1","SAN MATEO","-64.5481","9.75509"
"45","2","9","2","EL CARITO","-64.7421","9.78457"
"46","2","9","3","SANTA INES","-64.3308","9.92745"
"47","2","10","1","PARIAGUAN","-64.7218","8.8363"
"48","2","10","2","ATAPIRIRE","-64.3561","8.40839"
"49","2","10","3","BOCA DEL PAO","-64.2755","8.13995"
"50","2","10","4","EL PAO","-64.6259","8.78953"
"51","2","11","1","MAPIRE","-64.6927","7.74353"
"52","2","11","2","PIAR","-64.4389","8.06809"
"53","2","11","3","SN DIEGO DE CABRUTICA","-64.8801","8.44781"
"54","2","11","4","SANTA CLARA","-64.6001","8.46935"
"55","2","11","5","UVERITO","-64.688","8.1122"
"56","2","11","6","ZUATA","-65.1872","8.34278"
"57","2","12","1","PUERTO PIRITU","-65.0543","10.0519"
"58","2","12","2","SAN MIGUEL","-64.9888","9.90999"
"59","2","12","3","SUCRE","-65.264","10.092"
"60","2","13","1","EL TIGRE","-64.2516","8.88542"
"61","2","14","1","POZUELOS","-64.6181","10.1924"
"62","2","14","2","PUERTO LA CRUZ","-64.6417","10.2088"
"63","2","15","1","SAN JOSE DE GUANIPA","-64.159","8.88789"
"64","2","16","1","GUANTA","-64.5943","10.237"
"65","2","16","2","CHORRERON","-64.5803","10.1499"
"66","2","17","1","PIRITU","-64.9911","10.0116"
"67","2","17","2","SAN FRANCISCO","-65.0511","9.83086"
"68","2","18","1","LECHERIAS","-64.6937","10.1935"
"69","2","18","2","EL MORRO","-64.6691","10.1806"
"70","2","19","1","VALLE GUANAPE","-65.6766","9.90434"
"71","2","19","2","SANTA BARBARA","-65.6938","9.97031"
"72","2","20","1","SANTA ANA","-64.6583","9.30052"
"73","2","20","2","PUEBLO NUEVO","-64.4521","9.66975"
"74","2","21","1","EL CHAPARRO","-65.0106","9.16598"
"75","2","21","2","TOMAS ALFARO CALATRAVA","-65.0659","9.28559"
"76","2","22","1","BOCA UCHIRE","-65.4254","10.1262"
"77","2","22","2","BOCA DE CHAVEZ","-65.3754","10.0882"
"78","3","23","1","ACHAGUAS","-68.215","7.78282"
"79","3","23","2","APURITO","-68.4608","7.89334"
"80","3","23","3","EL YAGUAL","-68.4354","7.43076"
"81","3","23","4","GUACHARA","-68.4137","7.2183"
"82","3","23","5","MUCURITAS","-68.5957","7.89816"
"83","3","23","6","QUESERAS DEL MEDIO","-67.9689","7.7307"
"84","3","24","1","BRUZUAL","-69.3064","8.04763"
"85","3","24","2","MANTECAL","-69.1596","7.58015"
"86","3","24","3","QUINTERO","-69.8033","7.78897"
"87","3","24","4","SAN VICENTE","-69.4975","7.99017"
"88","3","24","5","RINCON HONDO","-69.1099","7.4084"
"89","3","25","1","GUASDUALITO","-70.7265","7.23833"
"90","3","25","2","ARAMENDI","-70.1559","7.63179"
"91","3","25","3","EL AMPARO","-70.315","7.23597"
"92","3","25","4","SAN CAMILO","-71.9072","7.2996"
"93","3","25","5","URDANETA","-71.5973","7.07488"
"94","3","26","1","SAN JUAN DE PAYARA","-67.6197","7.63809"
"95","3","26","2","CODAZZI","-67.5521","6.22503"
"96","3","26","3","CUNAVICHE","-67.5498","7.30389"
"97","3","27","1","ELORZA","-69.519","7.06467"
"98","3","27","2","LA TRINIDAD","-69.8213","7.1162"
"99","3","28","1","SAN FERNANDO","-67.4756","7.88003"
"100","3","28","2","PEÑALVER","-66.9793","7.70105"
"101","3","28","3","EL RECREO","-67.4145","7.83937"
"102","3","28","4","SN RAFAEL DE ATAMAICA","-67.185","7.45522"
"103","3","29","1","BIRUACA","-67.6084","7.82624"
"104","4","30","1","LAS DELICIAS","-67.5721","10.2822"
"105","4","30","2","CHORONI","-67.6061","10.4835"
"106","4","30","3","MADRE MA DE SAN JOSE","-67.5826","10.2518"
"107","4","30","4","JOAQUIN CRESPO","-67.5798","10.2356"
"108","4","30","5","PEDRO JOSE OVALLES","-67.5839","10.2163"
"109","4","30","6","JOSE CASANOVA GODOY","-67.5965","10.2297"
"110","4","30","7","ANDRES ELOY BLANCO","-67.6103","10.2445"
"111","4","30","8","LOS TACARIGUAS","-67.6265","10.2435"
"112","4","31","1","TURMERO","-67.4773","10.2257"
"113","4","31","2","SAMAN DE GUERE","-67.5152","10.2251"
"114","4","31","3","ALFREDO PACHECO M","-67.5322","10.2378"
"115","4","31","4","CHUAO","-67.5226","10.495"
"116","4","31","5","AREVALO APONTE","-67.4683","10.2568"
"117","4","32","1","LA VICTORIA","-67.3347","10.225"
"118","4","32","2","ZUATA","-67.4214","10.2011"
"119","4","32","3","PAO DE ZARATE","-67.2489","10.119"
"120","4","32","4","CASTOR NIEVES RIOS","-67.3127","10.2322"
"121","4","32","5","LAS GUACAMAYAS","-67.3154","10.2009"
"122","4","33","1","SAN CASIMIRO","-67.0178","9.99065"
"123","4","33","2","VALLE MORIN","-66.9194","9.91866"
"124","4","33","3","GUIRIPA","-67.0078","10.0489"
"125","4","33","4","OLLAS DE CARAMACATE","-66.7978","9.98458"
"126","4","34","1","SAN SEBASTIAN","-67.1837","9.94966"
"127","4","35","1","CAGUA","-67.4603","10.1764"
"128","4","35","2","BELLA VISTA","-67.4924","10.1603"
"129","4","36","1","BARBACOAS","-66.9185","9.46912"
"130","4","36","2","SAN FRANCISCO DE CARA","-66.8358","9.65427"
"131","4","36","3","TAGUAY","-66.7119","9.75369"
"132","4","36","4","LAS PEÑITAS","-66.5811","9.5751"
"133","4","37","1","VILLA DE CURA","-67.4873","10.0359"
"134","4","37","2","MAGDALENO","-67.6042","10.0879"
"135","4","37","3","SAN FRANCISCO DE ASIS","-67.5551","10.0712"
"136","4","37","4","VALLES DE TUCUTUNEMO","-67.4347","10.0715"
"137","4","37","5","AUGUSTO MIJARES","-67.6149","10.0978"
"138","4","38","1","PALO NEGRO","-67.5502","10.1796"
"139","4","38","2","SAN MARTIN DE PORRES","-67.5596","10.1624"
"140","4","39","1","SANTA CRUZ","-67.5275","10.1892"
"141","4","40","1","SAN MATEO","-67.4215","10.2144"
"142","4","41","1","LAS TEJERIAS","-67.1683","10.2544"
"143","4","41","2","TIARA","-67.155","10.1301"
"144","4","42","1","EL LIMON","-67.6311","10.3025"
"145","4","42","2","CA A DE AZUCAR","-67.6267","10.2783"
"146","4","43","1","COLONIA TOVAR","-67.2823","10.4074"
"147","4","44","1","CAMATAGUA","-66.9088","9.81875"
"148","4","44","2","CARMEN DE CURA","-66.8408","9.79528"
"149","4","45","1","EL CONSEJO","-67.2562","10.2427"
"150","4","46","1","SANTA RITA","-67.5598","10.2042"
"151","4","46","2","FRANCISCO DE MIRANDA","-67.5739","10.2033"
"152","4","46","3","MONS FELICIANO G","-67.5835","10.2015"
"153","4","47","1","OCUMARE DE LA COSTA","-67.7617","10.4587"
"154","5","48","1","ARISMENDI","-68.4055","8.4447"
"155","5","48","2","GUADARRAMA","-68.0346","8.50164"
"156","5","48","3","LA UNION","-67.8214","8.23472"
"157","5","48","4","SAN ANTONIO","-68.4832","7.97097"
"158","5","49","1","ALFREDO A LARRIVA","-70.2954","8.69732"
"159","5","49","2","BARINAS","-70.2097","8.63082"
"160","5","49","3","SAN SILVESTRE","-69.9135","8.22811"
"161","5","49","4","SANTA INES","-69.9025","8.26613"
"162","5","49","5","SANTA LUCIA","-69.7758","8.10038"
"163","5","49","6","TORUNOS","-70.096","8.50844"
"164","5","49","7","EL CARMEN","-70.2295","8.62801"
"165","5","49","8","ROMULO BETANCOURT","-70.2395","8.64682"
"166","5","49","9","CORAZON DE JESUS","-70.1896","8.60988"
"167","5","49","10","RAMON I MENDEZ","-70.192","8.59904"
"168","5","49","11","ALTO BARINAS","-70.2436","8.6052"
"169","5","49","12","MANUEL P FAJARDO","-70.3182","8.59724"
"170","5","49","13","JUAN A RODRIGUEZ D","-70.3593","8.55249"
"171","5","49","14","DOMINGA ORTIZ P","-70.4167","8.54036"
"172","5","50","1","ALTAMIRA","-70.5178","8.81363"
"173","5","50","2","BARINITAS","-70.4088","8.75909"
"174","5","50","3","CALDERAS","-70.409","8.88935"
"175","5","51","1","SANTA BARBARA","-71.1777","7.81229"
"176","5","51","2","JOSE IGNACIO DEL PUMAR","-71.0523","7.91043"
"177","5","51","3","RAMON IGNACIO MENDEZ","-71.496","7.61988"
"178","5","51","4","PEDRO BRICEÑO MENDEZ","-71.0002","7.9901"
"179","5","52","1","EL REAL","-69.991","8.43628"
"180","5","52","2","LA LUZ","-69.8203","8.35131"
"181","5","52","3","OBISPOS","-70.0963","8.62272"
"182","5","52","4","LOS GUASIMITOS","-70.2442","8.67537"
"183","5","53","1","CIUDAD BOLIVIA","-70.5519","8.32384"
"184","5","53","2","IGNACIO BRICEÑO","-70.4119","7.7138"
"185","5","53","3","PAEZ","-70.0189","8.06753"
"186","5","53","4","JOSE FELIX RIBAS","-70.5389","8.46873"
"187","5","54","1","DOLORES","-69.5398","8.28067"
"188","5","54","2","LIBERTAD","-69.624","8.33452"
"189","5","54","3","PALACIO FAJARDO","-69.7511","8.63229"
"190","5","54","4","SANTA ROSA","-69.6665","8.45382"
"191","5","55","1","CIUDAD DE NUTRIAS","-69.3398","8.15391"
"192","5","55","2","EL REGALO","-69.2629","8.41646"
"193","5","55","3","PUERTO DE NUTRIAS","-69.2853","8.07251"
"194","5","55","4","SANTA CATALINA","-68.8404","7.94968"
"195","5","56","1","RODRIGUEZ DOMINGUEZ","-69.9796","8.80915"
"196","5","56","2","SABANETA","-69.8683","8.71557"
"197","5","57","1","TICOPORO","-70.8208","8.22225"
"198","5","57","2","NICOLAS PULIDO","-70.8937","8.11073"
"199","5","57","3","ANDRES BELLO","-70.7614","8.29045"
"200","5","58","1","BARRANCAS","-70.1189","8.75438"
"201","5","58","2","EL SOCORRO","-70.2101","8.74048"
"202","5","58","3","MASPARRITO","-70.3053","8.99672"
"203","5","59","1","EL CANTON","-71.2382","7.48171"
"204","5","59","2","SANTA CRUZ DE GUACAS","-71.1676","7.61435"
"205","5","59","3","PUERTO VIVAS","-71.7917","7.5051"
"206","6","60","1","SIMON BOLIVAR","-62.658","8.35717"
"207","6","60","2","ONCE DE ABRIL","-62.6326","8.37249"
"208","6","60","3","VISTA AL SOL","-62.619","8.35171"
"209","6","60","4","CHIRICA","-62.6381","8.33919"
"210","6","60","5","DALLA COSTA","-62.6759","8.33384"
"211","6","60","6","CACHAMAY","-62.7156","8.31105"
"212","6","60","7","UNIVERSIDAD","-62.7231","8.28535"
"213","6","60","8","UNARE","-62.7732","8.26702"
"214","6","60","9","YOCOIMA","-62.5751","8.30602"
"215","6","60","10","POZO VERDE","-62.6402","8.20081"
"216","6","61","1","CAICARA DEL ORINOCO","-66.1329","7.57397"
"217","6","61","2","ASCENSION FARRERAS","-65.6069","7.41316"
"218","6","61","3","ALTAGRACIA","-65.6195","7.85071"
"219","6","61","4","LA URBANA","-66.7505","6.96225"
"220","6","61","5","GUANIAMO","-65.6836","6.46747"
"221","6","61","6","PIJIGUAOS","-66.7393","6.53711"
"222","6","62","1","CATEDRAL","-63.5325","8.13435"
"223","6","62","2","AGUA SALADA","-63.5812","8.10676"
"224","6","62","3","LA SABANITA","-63.5565","8.09039"
"225","6","62","4","VISTA HERMOSA","-63.536","8.10021"
"226","6","62","5","MARHUANTA","-63.4799","8.10979"
"227","6","62","6","JOSE ANTONIO PAEZ","-63.5518","8.05697"
"228","6","62","7","ORINOCO","-63.7283","8.01482"
"229","6","62","8","PANAPANA","-63.3065","8.17632"
"230","6","62","9","ZEA","-63.9968","7.6929"
"231","6","63","1","UPATA","-62.4169","8.01532"
"232","6","63","2","ANDRES ELOY BLANCO","-62.6416","8.056"
"233","6","63","3","PEDRO COVA","-62.543","7.35618"
"234","6","64","1","GUASIPATI","-61.9303","7.46609"
"235","6","64","2","SALOM","-61.7937","7.6455"
"236","6","65","1","MARIPA","-65.1638","7.38544"
"237","6","65","2","ARIPAO","-65.0602","7.27985"
"238","6","65","3","LAS MAJADAS","-64.7918","7.61844"
"239","6","65","4","MOITACO","-64.3359","7.74812"
"240","6","65","5","GUARATARO","-64.8045","7.45204"
"241","6","66","1","TUMEREMO","-61.4792","7.28507"
"242","6","66","2","DALLA COSTA","-61.6119","6.67276"
"243","6","66","3","SAN ISIDRO","-61.3586","6.2593"
"244","6","67","1","CIUDAD PIAR","-63.2166","7.59431"
"245","6","67","2","SAN FRANCISCO","-63.6121","7.07657"
"246","6","67","3","BARCELONETA","-63.3037","6.75782"
"247","6","67","4","SANTA BARBARA","-63.2502","7.30563"
"248","6","68","1","SANTA ELENA DE UAIREN","-61.3359","4.82327"
"249","6","68","2","IKABARU","-61.6991","4.38193"
"250","6","69","1","EL CALLAO","-61.8379","7.34521"
"251","6","70","1","EL PALMAR","-61.8528","8.05499"
"252","7","71","1","BEJUMA","-68.255","10.179"
"253","7","71","2","CANOABO","-68.2778","10.3108"
"254","7","71","3","SIMON BOLIVAR","-68.1835","10.2005"
"255","7","72","1","GUIGUE","-67.7807","10.081"
"256","7","72","2","BELEN","-67.7264","9.98304"
"257","7","72","3","TACARIGUA","-67.901","10.0794"
"258","7","73","1","MARIARA","-67.7158","10.2928"
"259","7","73","2","AGUAS CALIENTES","-67.6869","10.2896"
"260","7","74","1","GUACARA","-67.8775","10.2362"
"261","7","74","2","CIUDAD ALIANZA","-67.8962","10.2065"
"262","7","74","3","YAGUA","-67.9028","10.2547"
"263","7","75","1","MONTALBAN","-68.3203","10.2127"
"264","7","76","1","MORON","-68.2067","10.4887"
"265","7","76","2","URAMA","-68.3319","10.4606"
"266","7","77","1","DEMOCRACIA","-68.1136","10.4498"
"267","7","77","2","FRATERNIDAD","-68.0107","10.4654"
"268","7","77","3","GOAIGOAZA","-68.0425","10.4593"
"269","7","77","4","JUAN JOSE FLORES","-68.0623","10.4719"
"270","7","77","5","BARTOLOME SALOM","-68.0118","10.4534"
"271","7","77","6","UNION","-68.0093","10.4754"
"272","7","77","7","BORBURATA","-67.9661","10.452"
"273","7","77","8","PATANEMO","-67.9188","10.4367"
"274","7","78","1","SAN JOAQUIN","-67.7988","10.2578"
"275","7","79","1","CANDELARIA","-68.012","10.1743"
"276","7","79","2","CATEDRAL","-68.0011","10.1828"
"277","7","79","3","EL SOCORRO","-68.0082","10.1812"
"278","7","79","4","MIGUEL PEÑA","-68.0165","10.1448"
"279","7","79","5","SAN BLAS","-67.9937","10.1798"
"280","7","79","6","SAN JOSE","-68.0093","10.2084"
"281","7","79","7","SANTA ROSA","-67.9948","10.1562"
"282","7","79","8","RAFAEL URDANETA","-67.9599","10.1526"
"283","7","79","9","NEGRO PRIMERO","-67.9256","9.93344"
"284","7","80","1","MIRANDA","-68.393","10.1472"
"285","7","81","1","U LOS GUAYOS","-67.929","10.171"
"286","7","82","1","NAGUANAGUA","-68.0198","10.2668"
"287","7","83","1","URB SAN DIEGO","-67.9657","10.2293"
"288","7","84","1","U TOCUYITO","-68.0889","10.1072"
"289","7","84","2","U INDEPENDENCIA","-68.1465","10.0135"
"290","8","85","1","COJEDES","-68.875","9.56862"
"291","8","85","2","JUAN DE MATA SUAREZ","-68.9399","9.71009"
"292","8","86","1","TINAQUILLO","-68.3077","9.91639"
"293","8","87","1","EL BAUL","-68.3275","8.93655"
"294","8","87","2","SUCRE","-68.505","9.04412"
"295","8","88","1","EL PAO","-68.1158","9.60079"
"296","8","89","1","LIBERTAD DE COJEDES","-68.6842","9.41706"
"297","8","89","2","EL AMPARO","-68.7587","9.30616"
"298","8","90","1","SAN CARLOS DE AUSTRIA","-68.5924","9.66258"
"299","8","90","2","JUAN ANGEL BRAVO","-68.619","9.87827"
"300","8","90","3","MANUEL MANRIQUE","-68.5301","9.81613"
"301","8","91","1","GRL/JEFE JOSE L SILVA","-68.436","9.70543"
"302","8","92","1","MACAPO","-68.4269","9.82109"
"303","8","92","2","LA AGUADITA","-68.3733","9.80315"
"304","8","93","1","ROMULO GALLEGOS","-68.6255","9.52865"
"305","9","94","1","SAN JUAN DE LOS CAYOS","-68.4033","11.1531"
"306","9","94","2","CAPADARE","-68.5804","11.1816"
"307","9","94","3","LA PASTORA","-68.6484","11.2423"
"308","9","94","4","LIBERTADOR","-68.4791","11.0475"
"309","9","95","1","SAN LUIS","-69.6757","11.1192"
"310","9","95","2","ARACUA","-69.5994","10.9813"
"311","9","95","3","LA PEÑA","-69.7416","11.1305"
"312","9","96","1","CAPATARIDA","-70.6045","11.1469"
"313","9","96","2","BOROJO","-70.7718","11.0369"
"314","9","96","3","SEQUE","-70.8228","10.9903"
"315","9","96","4","ZAZARIDA","-70.4646","11.1465"
"316","9","96","5","BARIRO","-70.7354","10.767"
"317","9","96","6","GUAJIRO","-70.7057","10.5985"
"318","9","97","1","NORTE","-70.1981","11.7142"
"319","9","97","2","CARIRUBANA","-70.2011","11.6948"
"320","9","97","3","PUNTA CARDON","-70.1972","11.6586"
"321","9","97","4","SANTA ANA","-69.8749","11.7365"
"322","9","98","1","LA VELA DE CORO","-69.5625","11.4552"
"323","9","98","2","ACURIGUA","-69.4305","11.3137"
"324","9","98","3","GUAIBACOA","-69.4852","11.412"
"325","9","98","4","MACORUCA","-69.4564","11.2547"
"326","9","98","5","LAS CALDERAS","-69.62","11.4206"
"327","9","99","1","PEDREGAL","-70.1964","11.0095"
"328","9","99","2","AGUA CLARA","0","0"
"329","9","99","3","AVARIA","-70.5608","10.5646"
"330","9","99","4","PIEDRA GRANDE","-69.9146","10.8415"
"331","9","99","5","PURURECHE","-70.1408","10.7918"
"332","9","100","1","PUEBLO NUEVO","-69.9151","11.9324"
"333","9","100","2","ADICORA","-69.84","11.9733"
"334","9","100","3","BARAIVED","-69.8537","11.8781"
"335","9","100","4","BUENA VISTA","-69.9322","11.8743"
"336","9","100","5","JADACAQUIVA","-70.0902","11.9461"
"337","9","100","6","MORUY","-70.033","11.8135"
"338","9","100","7","EL VINCULO","-69.8613","11.9332"
"339","9","100","8","EL HATO","-69.84","11.9521"
"340","9","100","9","ADAURE","-69.9892","11.8854"
"341","9","101","1","CHURUGUARA","-69.5365","10.8198"
"342","9","101","2","AGUA LARGA","-69.7115","10.8881"
"343","9","101","3","INDEPENDENCIA","-69.7712","10.7693"
"344","9","101","4","MAPARARI","-69.4359","10.8029"
"345","9","101","5","EL PAUJI","-69.6268","10.7974"
"346","9","102","1","MENE DE MAUROA","-71.0297","10.6628"
"347","9","102","2","CASIGUA","-70.9777","10.8846"
"348","9","102","3","SAN FELIX","-71.148","10.9113"
"349","9","103","1","SAN ANTONIO","-69.6837","11.3923"
"350","9","103","2","SAN GABRIEL","-69.6556","11.4146"
"351","9","103","3","SANTA ANA","-69.6826","11.4062"
"352","9","103","4","GUZMAN GUILLERMO","-69.6255","11.2974"
"353","9","103","5","MITARE","-70.0254","11.3681"
"354","9","103","6","SABANETA","-69.9809","11.2711"
"355","9","103","7","RIO SECO","-70.1882","11.3168"
"356","9","104","1","CABURE","-69.5965","11.1156"
"357","9","104","2","CURIMAGUA","-69.6513","11.1887"
"358","9","104","3","COLINA","-69.5046","11.1794"
"359","9","105","1","TUCACAS","-68.3383","10.8003"
"360","9","105","2","BOCA DE AROA","-68.3158","10.6785"
"361","9","106","1","PUERTO CUMAREBO","-69.3552","11.4843"
"362","9","106","2","LA CIENAGA","-69.3654","11.4589"
"363","9","106","3","LA SOLEDAD","-69.3901","11.452"
"364","9","106","4","PUEBLO CUMAREBO","-69.3055","11.4598"
"365","9","106","5","ZAZARIDA","-69.3074","11.2975"
"366","9","107","1","DABAJURO","-70.6681","10.9764"
"367","9","108","1","CHICHIRIVICHE","-68.29","10.9345"
"368","9","108","2","BOCA DE TOCUYO","-68.3471","11.0491"
"369","9","108","3","TOCUYO DE LA COSTA","-68.3842","11.0156"
"370","9","109","1","LOS TAQUES","-70.2312","11.8148"
"371","9","109","2","JUDIBANA","-70.1785","11.7434"
"372","9","110","1","PIRITU","-69.1127","11.3818"
"373","9","110","2","SAN JOSE DE LA COSTA","-68.8659","11.3766"
"374","9","111","1","STA.CRUZ DE BUCARAL","-69.2703","10.8232"
"375","9","111","2","EL CHARAL","-69.1867","10.8675"
"376","9","111","3","LAS VEGAS DEL TUY","-69.15","10.7252"
"377","9","112","1","MIRIMIRE","-68.7161","11.1593"
"378","9","113","1","JACURA","-68.8393","11.101"
"379","9","113","2","AGUA LINDA","-69.0381","10.9268"
"380","9","113","3","ARAURIMA","-68.7171","10.937"
"381","9","114","1","YARACAL","-68.56","10.9811"
"382","9","115","1","PALMA SOLA","-68.5446","10.6305"
"383","9","116","1","SUCRE","-69.7134","11.0703"
"384","9","116","2","PECAYA","-69.9089","11.0341"
"385","9","117","1","URUMACO","-70.2548","11.1989"
"386","9","117","2","BRUZUAL","-70.3108","11.0283"
"387","9","118","1","TOCOPERO","-69.2578","11.5019"
"388","10","119","1","VALLE DE LA PASCUA","-66.0055","9.20995"
"389","10","119","2","ESPINO","-65.9697","8.48841"
"390","10","120","1","EL SOMBRERO","-67.0509","9.39086"
"391","10","120","2","SOSA","-67.206","9.33283"
"392","10","121","1","CALABOZO","-67.4307","8.91411"
"393","10","121","2","EL CALVARIO","-66.997","9.0048"
"394","10","121","3","EL RASTRO","-67.4546","9.0463"
"395","10","121","4","GUARDATINAJAS","-67.6481","9.00697"
"396","10","122","1","ALTAGRACIA DE ORITUCO","-66.3701","9.86405"
"397","10","122","2","LEZAMA","-66.3755","9.70352"
"398","10","122","3","LIBERTAD DE ORITUCO","-66.4545","9.495"
"399","10","122","4","SAN FCO DE MACAIRA","-66.2394","9.94192"
"400","10","122","5","SAN RAFAEL DE ORITUCO","-66.3838","9.84491"
"401","10","122","6","SOUBLETTE","-66.079","9.89091"
"402","10","122","7","PASO REAL DE MACAIRA","-66.1572","9.7927"
"403","10","123","1","TUCUPIDO","-65.7611","9.28206"
"404","10","123","2","SAN RAFAEL DE LAYA","-65.6428","9.58486"
"405","10","124","1","SAN JUAN DE LOS MORROS","-67.364","9.87823"
"406","10","124","2","PARAPARA","-67.2942","9.72145"
"407","10","124","3","CANTAGALLO","-67.435","9.79116"
"408","10","125","1","ZARAZA","-65.3262","9.33289"
"409","10","125","2","SAN JOSE DE UNARE","-65.2743","9.49138"
"410","10","126","1","CAMAGUAN","-67.602","8.1064"
"411","10","126","2","PUERTO MIRANDA","-67.4718","7.91014"
"412","10","126","3","UVERITO","-67.4794","8.13188"
"413","10","127","1","SAN JOSE DE GUARIBE","-65.8163","9.83859"
"414","10","128","1","LAS MERCEDES","-66.3967","9.10231"
"415","10","128","2","STA RITA DE MANAPIRE","-66.2595","8.13388"
"416","10","128","3","CABRUTA","-66.252","7.65258"
"417","10","129","1","EL SOCORRO","-65.7394","8.99714"
"418","10","130","1","ORTIZ","-67.2846","9.61005"
"419","10","130","2","SAN FCO. DE TIZNADOS","-67.4432","9.55319"
"420","10","130","3","SAN JOSE DE TIZNADOS","-67.5553","9.36767"
"421","10","130","4","S LORENZO DE TIZNADOS","-67.6775","9.77787"
"422","10","131","1","SANTA MARIA DE IPIRE","-65.3046","8.82235"
"423","10","131","2","ALTAMIRA","-65.3965","8.50535"
"424","10","132","1","CHAGUARAMAS","-66.2634","9.37287"
"425","10","133","1","GUAYABAL","-67.3376","7.97735"
"426","10","133","2","CAZORLA","-66.9853","7.98041"
"427","11","134","1","FREITEZ","-69.1429","10.2989"
"428","11","134","2","JOSE MARIA BLANCO","-69.2279","10.2731"
"429","11","135","1","CATEDRAL","-69.3034","10.0771"
"430","11","135","2","LA CONCEPCION","-69.3357","10.0645"
"431","11","135","3","SANTA ROSA","-69.2713","10.0805"
"432","11","135","4","UNION","-69.3329","10.0942"
"433","11","135","5","EL CUJI","-69.3207","10.1594"
"434","11","135","6","TAMACA","-69.2946","10.2158"
"435","11","135","7","JUAN DE VILLEGAS","-69.3917","10.0452"
"436","11","135","8","AGUEDO F. ALVARADO","-69.4914","10.2792"
"437","11","135","9","BUENA VISTA","-69.4701","9.87141"
"438","11","135","10","JUAREZ","-69.3648","9.93597"
"439","11","136","1","JUAN B RODRIGUEZ","-69.6272","9.93967"
"440","11","136","2","DIEGO DE LOZADA","-69.5669","9.80554"
"441","11","136","3","SAN MIGUEL","-69.5163","9.87282"
"442","11","136","4","CUARA","-69.6153","9.85821"
"443","11","136","5","PARAISO DE SAN JOSE","-69.513","9.79486"
"444","11","136","6","TINTORERO","-69.5716","9.98994"
"445","11","136","7","JOSE BERNARDO DORANTE","-69.666","9.88962"
"446","11","136","8","CRNEL. MARIANO PERAZA","-69.6056","9.93942"
"447","11","137","1","BOLIVAR","-69.791","9.79083"
"448","11","137","2","ANZOATEGUI","-69.8895","9.60748"
"449","11","137","3","GUARICO","-69.7746","9.61114"
"450","11","137","4","HUMOCARO ALTO","-70.0022","9.58846"
"451","11","137","5","HUMOCARO BAJO","-69.9654","9.68649"
"452","11","137","6","MORAN","-69.9997","9.78888"
"453","11","137","7","HILARIO LUNA Y LUNA","-69.7688","9.5187"
"454","11","137","8","LA CANDELARIA","-70.0253","9.44788"
"455","11","138","1","CABUDARE","-69.2602","10.0268"
"456","11","138","2","JOSE G. BASTIDAS","-69.2318","10.0279"
"457","11","138","3","AGUA VIVA","-69.2981","10.0201"
"458","11","139","1","TRINIDAD SAMUEL","-70.0812","10.1671"
"459","11","139","2","ANTONIO DIAZ","-69.9267","9.97873"
"460","11","139","3","CAMACARO","-69.8853","10.2923"
"461","11","139","4","CASTAÑEDA","-69.7908","10.1289"
"462","11","139","5","CHIQUINQUIRA","-70.0261","10.2404"
"463","11","139","6","ESPINOZA LOS MONTEROS","-69.8922","10.1731"
"464","11","139","7","LARA","-70.0818","9.86225"
"465","11","139","8","MANUEL MORILLO","-70.2683","9.88709"
"466","11","139","9","MONTES DE OCA","-70.3616","10.2804"
"467","11","139","10","TORRES","-70.1183","9.80777"
"468","11","139","11","EL BLANCO","-70.5471","10.2532"
"469","11","139","12","MONTAÑA VERDE","-70.7266","10.0557"
"470","11","139","13","HERIBERTO ARROYO","-70.6388","9.86237"
"471","11","139","14","LAS MERCEDES","-70.3301","10.114"
"472","11","139","15","CECILIO ZUBILLAGA","-70.1871","9.83718"
"473","11","139","16","REYES VARGAS","-69.8481","10.3804"
"474","11","139","17","ALTAGRACIA","-70.2059","10.3551"
"475","11","140","1","SIQUISIQUE","-69.672","10.5851"
"476","11","140","2","SAN MIGUEL","-69.4483","10.5908"
"477","11","140","3","XAGUAS","-69.9813","10.601"
"478","11","140","4","MOROTURO","-69.2205","10.6016"
"479","11","141","1","PIO TAMAYO","-69.6544","9.73252"
"480","11","141","2","YACAMBU","-69.4726","9.70945"
"481","11","141","3","QBDA. HONDA DE GUACHE","-69.4683","9.58879"
"482","11","142","1","SARARE","-69.1658","9.79112"
"483","11","142","2","GUSTAVO VEGAS LEON","-69.2072","9.75832"
"484","11","142","3","BURIA","-68.9955","9.95212"
"485","12","143","1","GABRIEL PICON G.","-71.5989","8.55006"
"486","12","143","2","HECTOR AMABLE MORA","-71.5858","8.67411"
"487","12","143","3","JOSE NUCETE SARDI","-71.6781","8.71416"
"488","12","143","4","PULIDO MENDEZ","-71.6242","8.62833"
"489","12","143","5","PTE. ROMULO GALLEGOS","-71.6639","8.60128"
"490","12","143","6","PRESIDENTE BETANCOURT","-71.657","8.63001"
"491","12","143","7","PRESIDENTE PAEZ","-71.6692","8.61202"
"492","12","144","1","LA AZULITA","-71.46","8.70633"
"493","12","145","1","CANAGUA","-71.4618","8.12899"
"494","12","145","2","CAPURI","-71.5984","8.14388"
"495","12","145","3","CHACANTA","-71.4159","8.223"
"496","12","145","4","EL MOLINO","-71.548","8.20788"
"497","12","145","5","GUAIMARAL","-71.4842","8.00748"
"498","12","145","6","MUCUTUY","-71.2964","8.25127"
"499","12","145","7","MUCUCHACHI","-71.347","8.143"
"500","12","146","1","ACEQUIAS","-71.2354","8.42132"
"501","12","146","2","JAJI","-71.3446","8.59202"
"502","12","146","3","LA MESA","-71.3","8.53855"
"503","12","146","4","SAN JOSE","-71.3077","8.38842"
"504","12","146","5","MONTALBAN","-71.2337","8.56311"
"505","12","146","6","MATRIZ","-71.25","8.54835"
"506","12","146","7","FERNANDEZ PEÑA","-71.2391","8.53897"
"507","12","147","1","GUARAQUE","-71.7245","8.14606"
"508","12","147","2","MESA DE QUINTERO","-71.6187","8.10013"
"509","12","147","3","RIO NEGRO","-71.6742","8.21153"
"510","12","148","1","ARAPUEY","-70.9525","9.24792"
"511","12","148","2","PALMIRA","-70.8803","9.14129"
"512","12","149","1","TORONDOY","-71.0241","9.0492"
"513","12","149","2","SAN CRISTOBAL DE T","-70.9236","9.11395"
"514","12","150","1","ARIAS","-71.1308","8.60113"
"515","12","150","2","SAGRARIO","-71.1451","8.5943"
"516","12","150","3","MILLA","-71.1372","8.61501"
"517","12","150","4","EL LLANO","-71.1562","8.5882"
"518","12","150","5","JUAN RODRIGUEZ SUAREZ","-71.1988","8.55976"
"519","12","150","6","JACINTO PLAZA","-71.1674","8.56835"
"520","12","150","7","DOMINGO PEÑA","-71.1601","8.57958"
"521","12","150","8","GONZALO PICON FEBRES","-71.1078","8.66364"
"522","12","150","9","OSUNA RODRIGUEZ","-71.2035","8.57151"
"523","12","150","10","LASSO DE LA VEGA","-71.1928","8.58192"
"524","12","150","11","CARACCIOLO PARRA P","-71.1766","8.57936"
"525","12","150","12","MARIANO PICON SALAS","-71.1641","8.59171"
"526","12","150","13","ANTONIO SPINETTI DINI","-71.15","8.60313"
"527","12","150","14","EL MORRO","-71.1487","8.45252"
"528","12","150","15","LOS NEVADOS","-71.0809","8.4605"
"529","12","151","1","TABAY","-71.0741","8.63126"
"530","12","152","1","TIMOTES","-70.7481","8.99558"
"531","12","152","2","ANDRES ELOY BLANCO","-70.7623","8.93496"
"532","12","152","3","PIÑANGO","-70.8827","9.03862"
"533","12","152","4","LA VENTA","-70.7876","8.91855"
"534","12","153","1","STA CRUZ DE MORA","-71.6374","8.39927"
"535","12","153","2","MESA BOLIVAR","-71.603","8.48091"
"536","12","153","3","MESA DE LAS PALMAS","-71.583","8.41565"
"537","12","154","1","STA ELENA DE ARENALES","-71.4595","8.83075"
"538","12","154","2","ELOY PAREDES","-71.5555","8.77175"
"539","12","154","3","R DE ALCAZAR","-71.3736","8.88361"
"540","12","155","1","TUCANI","-71.2542","8.97256"
"541","12","155","2","FLORENCIO RAMIREZ","-71.3114","8.92111"
"542","12","156","1","SANTO DOMINGO","-70.6985","8.86987"
"543","12","156","2","LAS PIEDRAS","-70.623","8.90273"
"544","12","157","1","PUEBLO LLANO","-70.6549","8.93348"
"545","12","158","1","MUCUCHIES","-70.9199","8.74784"
"546","12","158","2","MUCURUBA","-70.9971","8.7068"
"547","12","158","3","SAN RAFAEL","-70.8668","8.77722"
"548","12","158","4","CACUTE","-71.0172","8.68629"
"549","12","158","5","LA TOMA","-70.899","8.76839"
"550","12","159","1","BAILADORES","-71.8246","8.25704"
"551","12","159","2","GERONIMO MALDONADO","-71.7827","8.30556"
"552","12","160","1","LAGUNILLAS","-71.3968","8.5016"
"553","12","160","2","CHIGUARA","-71.5305","8.49295"
"554","12","160","3","ESTANQUES","-71.5185","8.43264"
"555","12","160","4","SAN JUAN","-71.3547","8.50542"
"556","12","160","5","PUEBLO NUEVO DEL SUR","-71.4169","8.4089"
"557","12","160","6","LA TRAMPA","-71.4476","8.55299"
"558","12","161","1","EL LLANO","-71.7652","8.32125"
"559","12","161","2","TOVAR","-71.7458","8.33993"
"560","12","161","3","EL AMPARO","-71.7606","8.36409"
"561","12","161","4","SAN FRANCISCO","-71.7339","8.28751"
"562","12","162","1","NUEVA BOLIVIA","-71.0832","9.13429"
"563","12","162","2","INDEPENDENCIA","-71.1531","9.11991"
"564","12","162","3","MARIA C PALACIOS","-70.978","9.12399"
"565","12","162","4","SANTA APOLONIA","-71.0942","9.01869"
"566","12","163","1","STA MARIA DE CAPARO","-71.4668","7.7261"
"567","12","164","1","ARICAGUA","-71.1348","8.22853"
"568","12","164","2","SAN ANTONIO","-71.1918","8.14465"
"569","12","165","1","ZEA","-71.7807","8.39115"
"570","12","165","2","CAÑO EL TIGRE","-71.7695","8.44819"
"571","13","166","1","CAUCAGUA","-66.3782","10.2931"
"572","13","166","2","ARAGUITA","-66.4472","10.2356"
"573","13","166","3","AREVALO GONZALEZ","-66.1691","10.2375"
"574","13","166","4","CAPAYA","-66.2743","10.4251"
"575","13","166","5","PANAQUIRE","-66.1943","10.2093"
"576","13","166","6","RIBAS","-66.3074","10.2177"
"577","13","166","7","EL CAFE","-66.3083","10.4091"
"578","13","166","8","MARIZAPA","-66.3623","10.2795"
"579","13","167","1","HIGUEROTE","-66.1156","10.4897"
"580","13","167","2","CURIEPE","-66.1846","10.473"
"581","13","167","3","TACARIGUA","-66.1699","10.3997"
"582","13","168","1","LOS TEQUES","-67.0481","10.3427"
"583","13","168","2","CECILIO ACOSTA","-66.9684","10.3178"
"584","13","168","3","PARACOTOS","-66.9542","10.2751"
"585","13","168","4","SAN PEDRO","-67.0938","10.3627"
"586","13","168","5","TACATA","-67.0105","10.2046"
"587","13","168","6","EL JARILLO","-67.1782","10.3652"
"588","13","168","7","ALTAGRACIA DE LA M","-67.0536","10.1231"
"589","13","169","1","STA TERESA DEL TUY","-66.6571","10.2391"
"590","13","169","2","EL CARTANAL","-66.7021","10.2596"
"591","13","170","1","OCUMARE DEL TUY","-66.7775","10.119"
"592","13","170","2","LA DEMOCRACIA","-66.7023","10.0329"
"593","13","170","3","SANTA BARBARA","-66.808","10.1343"
"594","13","171","1","RIO CHICO","-65.9703","10.2857"
"595","13","171","2","EL GUAPO","-65.975","10.1545"
"596","13","171","3","TACARIGUA DE LA LAGUNA","-65.8773","10.3056"
"597","13","171","4","PAPARO","-65.9901","10.388"
"598","13","171","5","SN FERNANDO DEL GUAPO","-65.9462","10.2123"
"599","13","172","1","SANTA LUCIA","-66.6828","10.3032"
"600","13","173","1","GUARENAS","-66.6119","10.4676"
"601","13","174","1","PETARE","-66.8023","10.4795"
"602","13","174","2","LEONCIO MARTINEZ","-66.8302","10.4965"
"603","13","174","3","CAUCAGUITA","-66.7476","10.4823"
"604","13","174","4","FILAS DE MARICHES","-66.7206","10.426"
"605","13","174","5","LA DOLORITA","-66.7646","10.4606"
"606","13","175","1","CUA","-66.8872","10.1639"
"607","13","175","2","NUEVA CUA","-66.886","10.1194"
"608","13","176","1","GUATIRE","-66.5338","10.4698"
"609","13","176","2","BOLIVAR","-66.465","10.4416"
"610","13","177","1","CHARALLAVE","-66.8517","10.2402"
"611","13","177","2","LAS BRISAS","-66.8673","10.2873"
"612","13","178","1","SAN ANTONIO LOS ALTOS","-66.9398","10.3696"
"613","13","179","1","SAN JOSE DE BARLOVENTO","-66.0027","10.3045"
"614","13","179","2","CUMBO","-66.0874","10.2298"
"615","13","180","1","SAN FCO DE YARE","-66.7456","10.1751"
"616","13","180","2","S ANTONIO DE YARE","-66.7295","10.2169"
"617","13","181","1","BARUTA","-66.8726","10.45"
"618","13","181","2","EL CAFETAL","-66.8353","10.4693"
"619","13","181","3","LAS MINAS DE BARUTA","-66.8606","10.4557"
"620","13","182","1","CARRIZAL","-66.9982","10.3533"
"621","13","183","1","CHACAO","-66.8534","10.498"
"622","13","184","1","EL HATILLO","-66.8218","10.4237"
"623","13","185","1","MAMPORAL","-66.1292","10.3593"
"624","13","186","1","CUPIRA","-65.7304","10.155"
"625","13","186","2","MACHURUCUTO","-65.6562","10.2029"
"626","14","187","1","SAN ANTONIO","-63.7315","10.1071"
"627","14","187","2","SAN FRANCISCO","-63.7079","10.151"
"628","14","188","1","CARIPITO","-63.1018","10.1142"
"629","14","189","1","CARIPE","-63.5033","10.1717"
"630","14","189","2","TERESEN","-63.444","10.1932"
"631","14","189","3","EL GUACHARO","-63.5491","10.1531"
"632","14","189","4","SAN AGUSTIN","-63.5327","10.1959"
"633","14","189","5","LA GUANOTA","-63.5079","10.2337"
"634","14","189","6","SABANA DE PIEDRA","-63.5535","10.2266"
"635","14","190","1","CAICARA","-63.5959","9.80204"
"636","14","190","2","AREO","-63.8451","9.8435"
"637","14","190","3","SAN FELIX","-63.6451","9.9703"
"638","14","190","4","VIENTO FRESCO","-63.6697","9.76823"
"639","14","191","1","PUNTA DE MATA","-63.6093","9.6905"
"640","14","191","2","EL TEJERO","-63.6669","9.63821"
"641","14","192","1","TEMBLADOR","-62.6502","9.00491"
"642","14","192","2","TABASCA","-62.383","9.08968"
"643","14","192","3","LAS ALHUACAS","-62.5104","9.10137"
"644","14","192","4","CHAGUARAMAS","-62.7806","8.65645"
"645","14","193","1","EL FURRIAL","-63.4409","9.6887"
"646","14","193","2","JUSEPIN","-63.4431","9.76627"
"647","14","193","3","EL COROZO","-63.3725","9.69429"
"648","14","193","4","SAN VICENTE","-63.3127","9.70909"
"649","14","193","5","LA PICA","-63.0656","9.7944"
"650","14","193","6","ALTO DE LOS GODOS","-63.2091","9.72378"
"651","14","193","7","BOQUERON","-63.1968","9.79172"
"652","14","193","8","LAS COCUIZAS","-63.1494","9.75675"
"653","14","193","9","SANTA CRUZ","-63.2506","9.71572"
"654","14","193","10","SAN SIMON","-63.1609","9.68101"
"655","14","194","1","ARAGUA","-63.4878","9.9678"
"656","14","194","2","CHAGUARAMAL","-63.4024","9.85716"
"657","14","194","3","GUANAGUANA","-63.5723","10.0811"
"658","14","194","4","APARICIO","-63.5457","10.0061"
"659","14","194","5","TAGUAYA","-63.4426","9.92621"
"660","14","194","6","EL PINTO","-63.3481","9.9803"
"661","14","194","7","LA TOSCANA","-63.3263","9.81407"
"662","14","195","1","QUIRIQUIRE","-63.203","9.98226"
"663","14","195","2","CACHIPO","-63.1567","9.93526"
"664","14","196","1","BARRANCAS","-62.1986","8.70394"
"665","14","196","2","LOS BARRANCOS DE FAJARDO","-62.5204","8.70308"
"666","14","197","1","AGUASAY","-63.6787","9.3487"
"667","14","198","1","SANTA BARBARA","-63.6048","9.60697"
"668","14","199","1","URACOA","-62.2985","8.96937"
"669","15","200","1","LA ASUNCION","-63.859","11.0333"
"670","15","201","1","SAN JUAN BAUTISTA","-63.9654","10.9806"
"671","15","201","2","ZABALA","-64.0118","10.9863"
"672","15","202","1","SANTA ANA","-63.9271","11.0663"
"673","15","202","2","GUEVARA","-63.906","11.0497"
"674","15","202","3","MATASIETE","-63.9189","11.1169"
"675","15","202","4","BOLIVAR","-63.9427","11.0477"
"676","15","202","5","SUCRE","-63.949","11.0931"
"677","15","203","1","PAMPATAR","-63.8021","11.0073"
"678","15","203","2","AGUIRRE","-63.8277","10.9935"
"679","15","204","1","JUAN GRIEGO","-63.9683","11.0795"
"680","15","204","2","ADRIAN","-63.9662","11.0602"
"681","15","205","1","PORLAMAR","-63.8528","10.9606"
"682","15","206","1","BOCA DEL RIO","-64.1909","10.9581"
"683","15","206","2","SAN FRANCISCO","-64.358","11.0097"
"684","15","207","1","SAN PEDRO DE COCHE","-63.9936","10.7799"
"685","15","207","2","VICENTE FUENTES","-63.9311","10.7452"
"686","15","208","1","PUNTA DE PIEDRAS","-64.1263","10.9919"
"687","15","208","2","LOS BARALES","-64.0651","10.9015"
"688","15","209","1","CM.LA PLAZA DE PARAGUACHI","-63.8602","11.1097"
"689","15","210","1","VALLE ESP SANTO","-63.8871","10.9858"
"690","15","210","2","FRANCISCO FAJARDO","-63.9257","10.95"
"691","16","211","1","ARAURE","-69.2186","9.58608"
"692","16","211","2","RIO ACARIGUA","-69.3179","9.53967"
"693","16","212","1","PIRITU","-69.2204","9.3542"
"694","16","212","2","UVERAL","-69.1597","9.15399"
"695","16","213","1","GUANARE","-69.7406","9.05296"
"696","16","213","2","CORDOBA","-69.8168","9.31758"
"697","16","213","3","SAN JUAN GUANAGUANARE","-69.8284","9.09207"
"698","16","213","4","VIRGEN DE LA COROMOTO","-69.8098","8.95762"
"699","16","213","5","SAN JOSE DE LA MONTAÑA","-69.803","9.35483"
"700","16","214","1","GUANARITO","-69.1756","8.66597"
"701","16","214","2","TRINIDAD DE LA CAPILLA","-68.7854","8.68127"
"702","16","214","3","DIVINA PASTORA","-69.2874","8.70568"
"703","16","215","1","OSPINO","-69.4772","9.2852"
"704","16","215","2","APARICION","-69.4034","9.38354"
"705","16","215","3","LA ESTACION","-69.4954","9.4204"
"706","16","216","1","ACARIGUA","-69.1998","9.54831"
"707","16","216","2","PAYARA","-69.0547","9.47171"
"708","16","216","3","PIMPINELA","-68.922","9.49285"
"709","16","216","4","RAMON PERAZA","-69.1757","9.46112"
"710","16","217","1","BISCUCUY","-69.9833","9.35456"
"711","16","217","2","CONCEPCION","-70.0131","9.24771"
"712","16","217","3","SAN RAFAEL PALO ALZADO","-70.0508","9.32004"
"713","16","217","4","UVENCIO A VELASQUEZ","-69.958","9.31022"
"714","16","217","5","SAN JOSE DE SAGUAZ","-70.0042","9.39659"
"715","16","217","6","VILLA ROSA","-69.8132","9.31986"
"716","16","218","1","VILLA BRUZUAL","-69.0822","9.34898"
"717","16","218","2","CANELONES","-69.1406","9.38435"
"718","16","218","3","SANTA CRUZ","-68.7996","9.27174"
"719","16","218","4","SAN ISIDRO LABRADOR","-69.0546","9.24279"
"720","16","219","1","CHABASQUEN","-69.9318","9.44602"
"721","16","219","2","PEÑA BLANCA","-69.9317","9.50171"
"722","16","220","1","AGUA BLANCA","-69.0929","9.63606"
"723","16","221","1","PAPELON","-69.4153","8.94348"
"724","16","221","2","CAÑO DELGADITO","-69.4547","8.76513"
"725","16","222","1","BOCONOITO","-69.9512","8.85545"
"726","16","222","2","ANTOLIN TOVAR AQUINO","-69.7647","8.78538"
"727","16","223","1","SAN RAFAEL DE ONOTO","-68.9751","9.67806"
"728","16","223","2","SANTA FE","-68.9722","9.56629"
"729","16","223","3","THERMO MORLES","-69.0107","9.62452"
"730","16","224","1","EL PLAYON","-69.0308","9.06463"
"731","16","224","2","FLORIDA","-68.9382","8.97189"
"732","17","225","1","RIO CARIBE","-63.0798","10.6825"
"733","17","225","2","SAN JUAN GALDONAS","-62.8377","10.7101"
"734","17","225","3","PUERTO SANTO","-63.1512","10.687"
"735","17","225","4","EL MORRO DE PTO SANTO","-63.1564","10.7144"
"736","17","225","5","ANTONIO JOSE DE SUCRE","-62.6796","10.7383"
"737","17","226","1","EL PILAR","-63.1646","10.5037"
"738","17","226","2","EL RINCON","-63.1987","10.588"
"739","17","226","3","GUARAUNOS","-63.1229","10.5562"
"740","17","226","4","TUNAPUICITO","-63.1349","10.602"
"741","17","226","5","UNION","-62.9488","10.2556"
"742","17","226","6","GRAL FCO. A VASQUEZ","-63.1368","10.5645"
"743","17","227","1","SANTA CATALINA","-63.257","10.6366"
"744","17","227","2","SANTA ROSA","-63.2418","10.6591"
"745","17","227","3","SANTA TERESA","-63.2397","10.669"
"746","17","227","4","BOLIVAR","-63.331","10.6589"
"747","17","227","5","MACARAPANA","-63.2129","10.6576"
"748","17","228","1","YAGUARAPARO","-62.8195","10.5843"
"749","17","228","2","LIBERTAD","-62.8887","10.6124"
"750","17","228","3","PAUJIL","-62.7304","10.6185"
"751","17","229","1","IRAPA","-62.5991","10.588"
"752","17","229","2","CAMPO CLARO","-62.5424","10.6032"
"753","17","229","3","SORO","-62.4491","10.5548"
"754","17","229","4","SAN ANTONIO DE IRAPA","-62.5557","10.5828"
"755","17","229","5","MARABAL","-62.5673","10.6259"
"756","17","230","1","SAN ANT DEL GOLFO","-63.7751","10.4189"
"757","17","231","1","CUMANACOA","-63.9182","10.2527"
"758","17","231","2","ARENAS","-63.9374","10.2782"
"759","17","231","3","ARICAGUA","-63.8707","10.2353"
"760","17","231","4","COCOLLAR","-63.8108","10.174"
"761","17","231","5","SAN FERNANDO","-63.9761","10.3217"
"762","17","231","6","SAN LORENZO","-63.9183","10.211"
"763","17","232","1","CARIACO","-63.5408","10.518"
"764","17","232","2","CATUARO","-63.4246","10.3861"
"765","17","232","3","RENDON","-63.6493","10.4479"
"766","17","232","4","SANTA CRUZ","-63.6018","10.3375"
"767","17","232","5","SANTA MARIA","-63.602","10.2966"
"768","17","233","1","ALTAGRACIA","-64.1678","10.44"
"769","17","233","2","AYACUCHO","-64.2054","10.439"
"770","17","233","3","SANTA INES","-64.1608","10.4564"
"771","17","233","4","VALENTIN VALIENTE","-64.1336","10.4682"
"772","17","233","5","SAN JUAN","-64.1582","10.3486"
"773","17","233","6","GRAN MARISCAL","-64.463","10.2383"
"774","17","233","7","RAUL LEONI","-64.4076","10.2784"
"775","17","234","1","GUIRIA","-62.3024","10.5833"
"776","17","234","2","CRISTOBAL COLON","-61.9692","10.6617"
"777","17","234","3","PUNTA DE PIEDRA","-62.4153","10.6061"
"778","17","234","4","BIDEAU","-62.2554","10.6424"
"779","17","235","1","MARIÑO","-63.4095","10.4962"
"780","17","235","2","ROMULO GALLEGOS","-63.2339","10.2721"
"781","17","236","1","TUNAPUY","-63.0955","10.5827"
"782","17","236","2","CAMPO ELIAS","-62.951","10.5902"
"783","17","237","1","SAN JOSE DE AREOCUAR","-63.3194","10.5991"
"784","17","237","2","TAVERA ACOSTA","-63.3195","10.4845"
"785","17","238","1","MARIGUITAR","-63.9202","10.4401"
"786","17","239","1","ARAYA","-64.2205","10.6045"
"787","17","239","2","MANICUARE","-64.1725","10.5642"
"788","17","239","3","CHACOPATA","-63.8503","10.6461"
"789","18","240","1","COLON","-72.2604","8.03295"
"790","18","240","2","RIVAS BERTI","-72.2782","8.12482"
"791","18","240","3","SAN PEDRO DEL RIO","-72.2871","8.01941"
"792","18","241","1","SAN ANT DEL TACHIRA","-72.4435","7.81279"
"793","18","241","2","PALOTAL","-72.4396","7.85489"
"794","18","241","3","JUAN VICENTE GOMEZ","-72.3685","7.80905"
"795","18","241","4","ISAIAS MEDINA ANGARITA","-72.4255","7.68847"
"796","18","242","1","CAPACHO NUEVO","-72.29","7.81713"
"797","18","242","2","JUAN GERMAN ROSCIO","-72.2702","7.78731"
"798","18","242","3","ROMAN CARDENAS","-72.2803","7.83493"
"799","18","243","1","TARIBA","-72.2163","7.82223"
"800","18","243","2","LA FLORIDA","-72.0584","7.78811"
"801","18","243","3","AMENODORO RANGEL LAMUS","-72.1956","7.81165"
"802","18","244","1","LA GRITA","-71.9868","8.13032"
"803","18","244","2","EMILIO C. GUERRERO","-71.9132","8.27033"
"804","18","244","3","MONS. MIGUEL A SALAS","-71.9556","8.19415"
"805","18","245","1","RUBIO","-72.3577","7.69637"
"806","18","245","2","BRAMON","-72.3972","7.65298"
"807","18","245","3","LA PETROLEA","-72.3382","7.60458"
"808","18","245","4","QUINIMARI","-72.3441","7.52089"
"809","18","246","1","LOBATERA","-72.2517","7.93137"
"810","18","246","2","CONSTITUCION","-72.2476","7.89322"
"811","18","247","1","LA CONCORDIA","-72.2315","7.74911"
"812","18","247","2","PEDRO MARIA MORANTES","-72.2179","7.76917"
"813","18","247","3","SN JUAN BAUTISTA","-72.223","7.78407"
"814","18","247","4","SAN SEBASTIAN","-72.2421","7.75294"
"815","18","247","5","DR. FCO. ROMERO LOBO","-72.1175","7.73094"
"816","18","248","1","PREGONERO","-71.7709","8.00853"
"817","18","248","2","CARDENAS","-71.8693","7.77564"
"818","18","248","3","POTOSI","-71.6381","7.89445"
"819","18","248","4","JUAN PABLO PEÑALOZA","-71.8486","8.0399"
"820","18","249","1","STA. ANA  DEL TACHIRA","-72.2734","7.63772"
"821","18","250","1","LA FRIA","-72.2492","8.21949"
"822","18","250","2","BOCA DE GRITA","-72.403","8.36755"
"823","18","250","3","JOSE ANTONIO PAEZ","-72.2877","8.39909"
"824","18","251","1","PALMIRA","-72.2321","7.84096"
"825","18","252","1","MICHELENA","-72.2266","7.96777"
"826","18","253","1","ABEJALES","-71.51","7.62662"
"827","18","253","2","SAN JOAQUIN DE NAVAY","-71.7117","7.68292"
"828","18","253","3","DORADAS","-71.6813","7.55888"
"829","18","253","4","EMETERIO OCHOA","-71.5224","7.52393"
"830","18","254","1","COLONCITO","-72.0899","8.32811"
"831","18","254","2","LA PALMITA","-72.0345","8.44898"
"832","18","255","1","UREÑA","-72.452","7.91552"
"833","18","255","2","NUEVA ARCADIA","-72.4297","7.91542"
"834","18","256","1","QUENIQUEA","-72.0098","7.91129"
"835","18","256","2","SAN PABLO","-71.9592","7.81954"
"836","18","256","3","ELEAZAR LOPEZ CONTRERAS","-72.0846","7.85634"
"837","18","257","1","CORDERO","-72.1755","7.86012"
"838","18","258","1","CM.SAN RAFAEL DEL PINAL","-71.95","7.55119"
"839","18","258","2","SANTO DOMINGO","-72.0288","7.57522"
"840","18","258","3","ALBERTO ADRIANI","-71.9776","7.48746"
"841","18","259","1","CAPACHO VIEJO","-72.3255","7.82476"
"842","18","259","2","CIPRIANO CASTRO","-72.3639","7.84899"
"843","18","259","3","MANUEL FELIPE RUGELES","-72.2852","7.75981"
"844","18","260","1","LA TENDIDA","-71.8268","8.49689"
"845","18","260","2","BOCONO","-71.9219","8.47046"
"846","18","260","3","HERNANDEZ","-71.8405","8.39472"
"847","18","261","1","SEBORUCO","-72.0769","8.14447"
"848","18","262","1","LAS MESAS","-72.1752","8.16541"
"849","18","263","1","SAN JOSE DE BOLIVAR","-71.961","7.90534"
"850","18","264","1","EL COBRE","-72.0661","8.03831"
"851","18","265","1","DELICIAS","-72.4479","7.53976"
"852","18","266","1","SAN SIMON","-71.8512","8.34876"
"853","18","267","1","SAN JOSECITO","-72.2251","7.66133"
"854","18","268","1","UMUQUENA","-72.046","8.26317"
"855","19","269","1","BETIJOQUE","-70.7331","9.37317"
"856","19","269","2","JOSE G HERNANDEZ","-70.6937","9.36765"
"857","19","269","3","LA PUEBLITA","-70.7333","9.37302"
"858","19","269","4","EL CEDRO","-70.733","9.36073"
"859","19","270","1","BOCONO","-70.2777","9.24012"
"860","19","270","2","EL CARMEN","-70.2552","9.25663"
"861","19","270","3","MOSQUEY","-70.2009","9.2921"
"862","19","270","4","AYACUCHO","-70.1481","9.33463"
"863","19","270","5","BURBUSAY","-70.2705","9.41949"
"864","19","270","6","GENERAL RIVAS","-70.4895","9.07982"
"865","19","270","7","MONSEÑOR JAUREGUI","-70.3857","9.11946"
"866","19","270","8","RAFAEL RANGEL","-70.2677","9.33398"
"867","19","270","9","SAN JOSE","-70.3442","9.18241"
"868","19","270","10","SAN MIGUEL","-70.2287","9.3671"
"869","19","270","11","GUARAMACAL","-70.1359","9.17259"
"870","19","270","12","LA VEGA DE GUARAMACAL","-70.1059","9.24116"
"871","19","271","1","CARACHE","-70.2209","9.62298"
"872","19","271","2","LA CONCEPCION","-70.2363","9.53178"
"873","19","271","3","CUICAS","-70.3004","9.70051"
"874","19","271","4","PANAMERICANA","-70.4105","9.69902"
"875","19","271","5","SANTA CRUZ","-70.2392","9.71489"
"876","19","272","1","ESCUQUE","-70.6794","9.29483"
"877","19","272","2","SABANA LIBRE","-70.6432","9.34119"
"878","19","272","3","LA UNION","-70.6774","9.33271"
"879","19","272","4","SANTA RITA","-70.654","9.30995"
"880","19","273","1","CRISTOBAL MENDOZA","-70.4356","9.37101"
"881","19","273","2","CHIQUINQUIRA","-70.4475","9.35961"
"882","19","273","3","MATRIZ","-70.4255","9.35968"
"883","19","273","4","MONSEÑOR CARRILLO","-70.4269","9.33398"
"884","19","273","5","CRUZ CARRILLO","-70.42","9.40728"
"885","19","273","6","ANDRES LINARES","-70.4931","9.27389"
"886","19","273","7","TRES ESQUINAS","-70.4461","9.42196"
"887","19","274","1","LA QUEBRADA","-70.5823","9.17632"
"888","19","274","2","JAJO","-70.6524","9.10246"
"889","19","274","3","LA MESA","-70.7039","9.04876"
"890","19","274","4","SANTIAGO","-70.5326","9.23912"
"891","19","274","5","CABIMBU","-70.4569","9.15681"
"892","19","274","6","TUÑAME","-70.607","9.05738"
"893","19","275","1","MERCEDES DIAZ","-70.6163","9.31189"
"894","19","275","2","JUAN IGNACIO MONTILLA","-70.6031","9.31306"
"895","19","275","3","LA BEATRIZ","-70.6072","9.28105"
"896","19","275","4","MENDOZA","-70.6853","9.17476"
"897","19","275","5","LA PUERTA","-70.7061","9.13421"
"898","19","275","6","SAN LUIS","-70.6072","9.33727"
"899","19","276","1","CHEJENDE","-70.3977","9.66301"
"900","19","276","2","CARRILLO","-70.3933","9.57902"
"901","19","276","3","CEGARRA","-70.3528","9.58243"
"902","19","276","4","BOLIVIA","-70.3388","9.5449"
"903","19","276","5","MANUEL SALVADOR ULLOA","-70.5265","9.70629"
"904","19","276","6","SAN JOSE","-70.4337","9.61981"
"905","19","276","7","ARNOLDO GABALDON","-70.471","9.62467"
"906","19","277","1","EL DIVIDIVE","-70.734","9.47622"
"907","19","277","2","AGUA CALIENTE","-70.6358","9.57424"
"908","19","277","3","EL CENIZO","-70.7394","9.53426"
"909","19","277","4","AGUA SANTA","-70.6649","9.51673"
"910","19","277","5","VALERITA","-70.5626","9.66024"
"911","19","278","1","MONTE CARMELO","-70.8193","9.19386"
"912","19","278","2","BUENA VISTA","-70.8808","9.30404"
"913","19","278","3","STA MARIA DEL HORCON","-70.9683","9.31359"
"914","19","279","1","MOTATAN","-70.5938","9.38966"
"915","19","279","2","EL BAÑO","-70.6314","9.39194"
"916","19","279","3","JALISCO","-70.5859","9.43581"
"917","19","280","1","PAMPAN","-70.48","9.45313"
"918","19","280","2","SANTA ANA","-70.359","9.47278"
"919","19","280","3","LA PAZ","-70.4595","9.54765"
"920","19","280","4","FLOR DE PATRIA","-70.4709","9.46093"
"921","19","281","1","CARVAJAL","-70.586","9.31014"
"922","19","281","2","ANTONIO N BRICEÑO","-70.5827","9.36858"
"923","19","281","3","CAMPO ALEGRE","-70.5841","9.33455"
"924","19","281","4","JOSE LEONARDO SUAREZ","-70.5703","9.39782"
"925","19","282","1","SABANA DE MENDOZA","-70.7716","9.43525"
"926","19","282","2","JUNIN","-70.8713","9.47678"
"927","19","282","3","VALMORE RODRIGUEZ","-70.7731","9.43638"
"928","19","282","4","EL PARAISO","-70.8569","9.56795"
"929","19","283","1","SANTA ISABEL","-70.8063","9.6376"
"930","19","283","2","ARAGUANEY","-70.6682","9.56423"
"931","19","283","3","EL JAGUITO","-70.7312","9.56269"
"932","19","283","4","LA ESPERANZA","-70.7289","9.65991"
"933","19","284","1","SABANA GRANDE","-70.7996","9.40691"
"934","19","284","2","CHEREGUE","-70.8301","9.34178"
"935","19","284","3","GRANADOS","-70.8304","9.39389"
"936","19","285","1","EL SOCORRO","-70.6164","9.76784"
"937","19","285","2","LOS CAPRICHOS","-70.6681","9.844"
"938","19","285","3","ANTONIO JOSE DE SUCRE","-70.6119","9.73351"
"939","19","286","1","CAMPO ELIAS","-70.0587","9.39669"
"940","19","286","2","ARNOLDO GABALDON","-70.0958","9.37953"
"941","19","287","1","SANTA APOLONIA","-71.0121","9.47177"
"942","19","287","2","LA CEIBA","-71.0602","9.48371"
"943","19","287","3","EL PROGRESO","-70.9393","9.46672"
"944","19","287","4","TRES DE FEBRERO","-70.9793","9.57078"
"945","19","288","1","PAMPANITO","-70.5021","9.40977"
"946","19","288","2","PAMPANITO II","-70.5169","9.41142"
"947","19","288","3","LA CONCEPCION","-70.4743","9.42164"
"948","20","289","1","AROA","-68.8812","10.4635"
"949","20","290","1","CHIVACOA","-68.8911","10.162"
"950","20","290","2","CAMPO ELIAS","-68.9253","10.2188"
"951","20","291","1","NIRGUA","-68.5864","10.1423"
"952","20","291","2","SALOM","-68.504","10.1575"
"953","20","291","3","TEMERLA","-68.431","10.2678"
"954","20","292","1","SAN FELIPE","-68.7358","10.3414"
"955","20","292","2","ALBARICO","-68.6885","10.4062"
"956","20","292","3","SAN JAVIER","-68.6735","10.3704"
"957","20","293","1","GUAMA","-68.8198","10.2583"
"958","20","294","1","URACHICHE","-69.0045","10.1609"
"959","20","295","1","YARITAGUA","-69.1182","10.0734"
"960","20","295","2","SAN ANDRES","-69.1756","10.1073"
"961","20","296","1","SABANA DE PARRA","-69.0301","10.1161"
"962","20","297","1","BORAURE","-68.7752","10.248"
"963","20","298","1","COCOROTE","-68.7755","10.3102"
"964","20","299","1","INDEPENDENCIA","-68.7498","10.331"
"965","20","300","1","SAN PABLO","-68.8506","10.2446"
"966","20","301","1","YUMARE","-68.6956","10.6037"
"967","20","302","1","FARRIAR","-68.5747","10.4678"
"968","20","302","2","EL GUAYABO","-68.4729","10.4205"
"969","21","303","1","GENERAL URDANETA","-70.9563","9.66945"
"970","21","303","2","LIBERTADOR","-70.8974","9.81463"
"971","21","303","3","MANUEL GUANIPA MATOS","-70.9178","10.0847"
"972","21","303","4","MARCELINO BRICEÑO","-70.962","9.60489"
"973","21","303","5","SAN TIMOTEO","-71.069","9.78835"
"974","21","303","6","PUEBLO NUEVO","-70.9262","9.85724"
"975","21","304","1","PEDRO LUCAS URRIBARRI","-71.295","10.4892"
"976","21","304","2","SANTA RITA","-71.5072","10.5294"
"977","21","304","3","JOSE CENOVIO URRIBARRI","-71.5248","10.5793"
"978","21","304","4","EL MENE","-71.4504","10.4682"
"979","21","305","1","SANTA CRUZ DEL ZULIA","-71.9899","8.92191"
"980","21","305","2","URRIBARRI","-71.7209","8.93352"
"981","21","305","3","MORALITO","-71.7769","8.78983"
"982","21","305","4","SAN CARLOS DEL ZULIA","-71.9187","8.99853"
"983","21","305","5","SANTA BARBARA","-71.9155","9.00263"
"984","21","306","1","LUIS DE VICENTE","-72.0273","11.0286"
"985","21","306","2","RICAURTE","-71.7243","10.6583"
"986","21","306","3","MONS.MARCOS SERGIO G","-71.7763","10.3976"
"987","21","306","4","SAN RAFAEL","-71.7355","10.934"
"988","21","306","5","LAS PARCELAS","-71.8608","10.9124"
"989","21","306","6","TAMARE","-71.7618","10.8566"
"990","21","306","7","LA SIERRITA","-71.8793","10.8343"
"991","21","307","1","BOLIVAR","-71.612","10.6512"
"992","21","307","2","COQUIVACOA","-71.6087","10.7038"
"993","21","307","3","CRISTO DE ARANZA","-71.6247","10.6198"
"994","21","307","4","CHIQUINQUIRA","-71.6267","10.6578"
"995","21","307","5","SANTA LUCIA","-71.6029","10.6563"
"996","21","307","6","OLEGARIO VILLALOBOS","-71.6105","10.6763"
"997","21","307","7","JUANA DE AVILA","-71.6313","10.6991"
"998","21","307","8","CARACCIOLO PARRA PEREZ","-71.6588","10.6872"
"999","21","307","9","IDELFONZO VASQUEZ","-71.6556","10.7086"
"1000","21","307","10","CACIQUE MARA","-71.6433","10.6507"
"1001","21","307","11","CECILIO ACOSTA","-71.6497","10.6364"
"1002","21","307","12","RAUL LEONI","-71.6634","10.6706"
"1003","21","307","13","FRANCISCO EUGENIO B","-71.6763","10.6447"
"1004","21","307","14","MANUEL DAGNINO","-71.6467","10.6153"
"1005","21","307","15","LUIS HURTADO HIGUERA","-71.6663","10.5967"
"1006","21","307","16","VENANCIO PULGAR","-71.6837","10.6997"
"1007","21","307","17","ANTONIO BORJAS ROMERO","-71.6993","10.6899"
"1008","21","307","18","SAN ISIDRO","-71.7414","10.6616"
"1009","21","308","1","FARIA","-71.2714","10.8572"
"1010","21","308","2","SAN ANTONIO","-71.156","10.5428"
"1011","21","308","3","ANA MARIA CAMPOS","-71.3504","10.6728"
"1012","21","308","4","SAN JOSE","-71.5209","10.789"
"1013","21","308","5","ALTAGRACIA","-71.5206","10.7078"
"1014","21","309","1","GOAJIRA","-72.0154","11.3215"
"1015","21","309","2","ELIAS SANCHEZ RUBIO","-72.0472","11.0912"
"1016","21","309","3","SINAMAICA","-71.8628","11.1049"
"1017","21","309","4","ALTA GUAJIRA","-71.8613","11.6121"
"1018","21","310","1","SAN JOSE DE PERIJA","-72.3961","9.99793"
"1019","21","310","2","BARTOLOME DE LAS CASAS","-72.4291","10.0582"
"1020","21","310","3","LIBERTAD","-72.5625","10.052"
"1021","21","310","4","RIO NEGRO","-72.5451","9.63269"
"1022","21","311","1","GIBRALTAR","-71.0538","9.24822"
"1023","21","311","2","HERAS","-71.2428","9.06809"
"1024","21","311","3","M.ARTURO CELESTINO A","-71.332","9.03048"
"1025","21","311","4","ROMULO GALLEGOS","-71.0721","9.15019"
"1026","21","311","5","BOBURES","-71.1672","9.22693"
"1027","21","311","6","EL BATEY","-71.1226","9.16033"
"1028","21","312","1","ANDRES BELLO (KM 48)","-72.0716","10.4623"
"1029","21","312","2","POTRERITOS","-71.7966","10.3185"
"1030","21","312","3","EL CARMELO","-71.7338","10.3856"
"1031","21","312","4","CHIQUINQUIRA","-71.6421","10.4665"
"1032","21","312","5","CONCEPCION","-71.692","10.4161"
"1033","21","313","1","ELEAZAR LOPEZ CONTRERAS","-71.1578","10.232"
"1034","21","313","2","ALONSO DE OJEDA","-71.2987","10.202"
"1035","21","313","3","VENEZUELA","-71.2617","10.1575"
"1036","21","313","4","CAMPO LARA","-71.104","10.1719"
"1037","21","313","5","LIBERTAD","-71.3354","10.2206"
"1038","21","314","1","UDON PEREZ","-72.3315","8.66834"
"1039","21","314","2","ENCONTRADOS","-72.1157","9.07398"
"1040","21","315","1","DONALDO GARCIA","-72.0282","9.97758"
"1041","21","315","2","SIXTO ZAMBRANO","-72.3703","10.1796"
"1042","21","315","3","EL ROSARIO","-72.2745","10.3335"
"1043","21","316","1","AMBROSIO","-71.465","10.4079"
"1044","21","316","2","GERMAN RIOS LINARES","-71.4394","10.4183"
"1045","21","316","3","JORGE HERNANDEZ","-71.4255","10.3677"
"1046","21","316","4","LA ROSA","-71.4374","10.3741"
"1047","21","316","5","PUNTA GORDA","-71.4135","10.3344"
"1048","21","316","6","CARMEN HERRERA","-71.4541","10.3939"
"1049","21","316","7","SAN BENITO","-71.4354","10.4042"
"1050","21","316","8","ROMULO BETANCOURT","-71.4301","10.3927"
"1051","21","316","9","ARISTIDES CALVANI","-71.1955","10.405"
"1052","21","317","1","RAUL CUENCA","-71.0149","10.1077"
"1053","21","317","2","LA VICTORIA","-71.1099","9.96933"
"1054","21","317","3","RAFAEL URDANETA","-71.0884","9.92539"
"1055","21","318","1","JOSE RAMON YEPEZ","-72.0104","10.6739"
"1056","21","318","2","LA CONCEPCION","-71.8096","10.616"
"1057","21","318","3","SAN JOSE","-71.8138","10.7253"
"1058","21","318","4","MARIANO PARRA LEON","-71.9031","10.5365"
"1059","21","319","1","MONAGAS","-71.6129","10.9856"
"1060","21","319","2","ISLA DE TOAS","-71.6575","10.9558"
"1061","21","320","1","MARCIAL HERNANDEZ","-71.6651","10.5773"
"1062","21","320","2","FRANCISCO OCHOA","-71.6319","10.5854"
"1063","21","320","3","SAN FRANCISCO","-71.6325","10.5645"
"1064","21","320","4","EL BAJO","-71.64","10.5181"
"1065","21","320","5","DOMITILA FLORES","-71.6601","10.5529"
"1066","21","320","6","LOS CORTIJOS","-71.7071","10.5277"
"1067","21","321","1","BARI","-72.6016","9.2769"
"1068","21","321","2","JESUS M SEMPRUN","-72.5239","8.74846"
"1069","21","322","1","SIMON RODRIGUEZ","-71.5891","9.01208"
"1070","21","322","2","CARLOS QUEVEDO","-71.6495","8.83996"
"1071","21","322","3","FRANCISCO J PULGAR","-71.6543","8.74409"
"1072","21","323","1","RAFAEL MARIA BARALT","-71.3868","10.2909"
"1073","21","323","2","MANUEL MANRIQUE","-71.3624","10.2517"
"1074","21","323","3","RAFAEL URDANETA","-71.2574","10.3302"
"1075","22","324","1","FERNANDO GIRON TOVAR","-67.6224","5.66486"
"1076","22","324","2","LUIS ALBERTO GOMEZ","-67.5937","5.65115"
"1077","22","324","3","PARHUEÑA","-67.4236","5.87178"
"1078","22","324","4","PLATANILLAL","-67.5713","5.60426"
"1079","22","325","1","SAN FERNANDO DE ATABAPO","-67.6882","4.02824"
"1080","22","325","2","UCATA","-67.7315","4.24643"
"1081","22","325","3","YAPACANA","-66.9379","3.98177"
"1082","22","325","4","CANAME","-67.4281","3.60309"
"1083","22","326","1","MAROA","-67.5088","2.68797"
"1084","22","326","2","VICTORINO","-67.5992","2.9003"
"1085","22","326","3","COMUNIDAD","-67.2206","2.43247"
"1086","22","327","1","SAN CARLOS DE RIO NEGRO","-67.0525","1.85312"
"1087","22","327","2","SOLANO","-66.9688","1.93564"
"1088","22","327","3","CASIQUIARE","0","0"
"1089","22","327","4","COCUY","-66.7858","1.31195"
"1090","22","328","1","ISLA DE RATON","-67.8138","5.11586"
"1091","22","328","2","SAMARIAPO","-67.7772","5.16622"
"1092","22","328","3","SIPAPO","-67.7384","4.92366"
"1093","22","328","4","MUNDUAPO","-67.6991","5.12748"
"1094","22","328","5","GUAYAPO","-67.8153","4.56412"
"1095","22","329","1","SAN JUAN DE MANAPIARE","-66.0396","5.32089"
"1096","22","329","2","ALTO VENTUARI","-65.4067","4.90239"
"1097","22","329","3","MEDIO VENTUARI","-66.408","5.07141"
"1098","22","329","4","BAJO VENTUARI","-66.284","4.28442"
"1099","22","330","1","LA ESMERALDA","-65.6197","3.15964"
"1100","22","330","2","HUACHAMACARE","-65.9964","3.22785"
"1101","22","330","3","MARAWAKA","-65.3214","3.21038"
"1102","22","330","4","MAVACA","-64.9867","2.63257"
"1103","22","330","5","SIERRA PARIMA","0","0"
"1104","23","331","1","SAN JOSE","-62.0504","9.06075"
"1105","23","331","2","VIRGEN DEL VALLE","-62.0172","9.12087"
"1106","23","331","3","SAN RAFAEL","-62.1214","9.11289"
"1107","23","331","4","JOSE VIDAL MARCANO","-62.0163","9.04444"
"1108","23","331","5","LEONARDO RUIZ PINEDA","-62.0502","9.06728"
"1109","23","331","6","MONS. ARGIMIRO GARCIA","-62.0439","9.05333"
"1110","23","331","7","MCL. ANTONIO J DE SUCRE","-62.0348","8.96336"
"1111","23","331","8","JUAN MILLAN","-61.9597","8.88408"
"1112","23","332","1","PEDERNALES","-62.2372","9.8404"
"1113","23","332","2","LUIS B PRIETO FIGUERO","-62.1469","9.61583"
"1114","23","333","1","CURIAPO","-61.0111","8.61897"
"1115","23","333","2","SANTOS DE ABELGAS","-61.4541","8.81357"
"1116","23","333","3","MANUEL RENAUD","-61.0308","9.17092"
"1117","23","333","4","PADRE BARRAL","-60.9435","8.98914"
"1118","23","333","5","ANICETO LUGO","-60.5467","8.51893"
"1119","23","333","6","ALMIRANTE LUIS BRION","-61.4234","8.52531"
"1120","23","334","1","IMATACA","-62.4437","8.38945"
"1121","23","334","2","ROMULO GALLEGOS","-61.8874","8.56907"
"1122","23","334","3","JUAN BAUTISTA ARISMEN","-62.2138","8.57924"
"1123","23","334","4","MANUEL PIAR","-62.5045","8.42336"
"1124","23","334","5","5 DE JULIO","-62.4517","8.44302"
"1125","24","335","1","CARABALLEDA","-66.8495","10.6103"
"1126","24","335","2","CARAYACA","-67.146","10.5249"
"1127","24","335","3","CARUAO","-66.3966","10.6175"
"1128","24","335","4","CATIA LA MAR","-67.0418","10.5915"
"1129","24","335","5","LA GUAIRA","-66.9269","10.6016"
"1130","24","335","6","MACUTO","-66.8914","10.6045"
"1131","24","335","7","MAIQUETIA","-66.9526","10.5944"
"1132","24","335","8","NAIGUATA","-66.7372","10.6193"
"1133","24","335","9","EL JUNKO","-67.083","10.469"
"1134","24","335","10","URIMARE","-67.0097","10.5979"
"1135","24","335","11","CARLOS SOUBLETTE","-66.9643","10.6401"
